filename,pages
144JC3.pdf,263
1496.pdf,153
56DVN2.pdf,221
Alcala_1637.pdf,274
Amsterdam_1616.pdf,258
Amsterdam_1618.pdf,266
Amsterdam_1626.pdf,248
Amsterdam_1634.pdf,1
Amsterdam_1660a.pdf,524
Amsterdam_1662.pdf,258
Amsterdam_1672.pdf,60
Amsterdam_1683.pdf,429
Amsterdam_1695.pdf,719
Amsterdam_1700.pdf,441
Ansbach_1610.pdf,202
Antwerp_1645.pdf,653
Antwerp_1654.pdf,254
Antwerp_1665.pdf,409
Arnhem_1603.pdf,113
Arnhem_1605.pdf,89
Arnhem_1605a.pdf,227
Arnhem_1620.pdf,121
Augsburg_1555.pdf,256
Bamberg_1677.pdf,962
Basel_1533.pdf,278
Basel_1537.pdf,601
Basel_1546.pdf,599
Basel_1550.pdf,339
Basel_1558.pdf,605
Basel_1562.pdf,413
Berlin_1824.pdf,525
Bologna_1620.pdf,517
Bologna_1629.pdf,249
Bologna_1629a.pdf,117
Bologna_1651.pdf,242
Bologna_1663.pdf,373
Bologna_1684.pdf,333
Brussels_1688.pdf,388
Brussels_1689.pdf,502
Cambridge_1655.pdf,405
Cambridge_1665.pdf,230
Cologne_1556.pdf,39
Cologne_1564.pdf,489
Cologne_1580.pdf,237
Cologne_1587.pdf,261
Cologne_1591.pdf,801
Cologne_1600.pdf,243
Cologne_1602.pdf,637
Cologne_1607.pdf,1067
Cologne_1612.pdf,241
Cologne_1627.pdf,249
Douai_1620.pdf,255
Douai_1625.pdf,241
Douai_1633.pdf,257
Edinburgh_1795.pdf,430
Ferrara_1587.pdf,266
Ferrara_1628.pdf,249
Florence_1573.pdf,270
Florence_1674.pdf,173
Frankfurt_1607.pdf,809
Frankfurt_1607_vol2.pdf,824
Frankfurt_1654.pdf,701
Geneva_1610.pdf,347
Geneva_1628.pdf,412
Glasgow_1756.pdf,431
Graz_1636.pdf,284
HZ5UVJ.pdf,274
Hamburg_1633.pdf,686
Hamburg_1638.pdf,348
Ingolstadt_1617.pdf,303
Innsbruck_1634.pdf,237
Jena_1628.pdf,180
Kiel_and_Leipzig_1699.pdf,426
Leiden_1606.pdf,183
Leiden_1615.pdf,282
Leiden_1617.pdf,201
Leiden_1691.pdf,509
Leiden_and_Amsterdam_1673.pdf,303
Leipzig_1549.pdf,146
Leipzig_1577.pdf,287
Leipzig_1883.pdf,824
Leipzig_1883_vol2.pdf,469
Leipzig_1883_vol3.pdf,437
Leipzig_1883_vol4.pdf,445
Leipzig_1883_vol5.pdf,859
Leipzig_1883_vol6.pdf,413
Leipzig_1883_vol7.pdf,431
Lisbon_1735.pdf,404
Livorno_1709.pdf,433
London_1570.pdf,494
London_1620.pdf,267
London_1651.pdf,194
London_1660.pdf,179
London_1661.pdf,337
London_1678a.pdf,245
London_1680–81.pdf,722
London_1685a.pdf,221
London_1687.pdf,213
London_1696.pdf,193
London_1747.pdf,200
London_1789.pdf,297
Lyon_1557.pdf,203
Lyon_1603.pdf,91
Lyon_1645.pdf,1206
Lyon_1669.pdf,545
Lyon_1672.pdf,449
Lyon_1674.pdf,813
Lyon_1674_vol2.pdf,805
Lyon_1675.pdf,395
Lyon_1690.pdf,739
Lyon_1690_vol2.pdf,729
Lyon_1690_vol3.pdf,797
Lyon_1690_vol4.pdf,793
Madrid_1665.pdf,467
Milan_1671.pdf,212
Nuremberg_1539.pdf,146
Nuremberg_1625.pdf,101
Nuremberg_1821.pdf,75
Oxford_1701.pdf,245
Oxford_1703.pdf,719
Oxford_1705.pdf,306
P3JCQH.pdf,113
Paris_1500.pdf,78
Paris_1516.pdf,527
Paris_1532.pdf,441
Paris_1536.pdf,202
Paris_1544.pdf,169
Paris_1549.pdf,114
Paris_1551.pdf,233
Paris_1551a.pdf,349
Paris_1557.pdf,375
Paris_1558.pdf,363
Paris_1558a.pdf,95
Paris_1564.pdf,390
Paris_1565.pdf,130
Paris_1566.pdf,441
Paris_1566a.pdf,78
Paris_1573.pdf,359
Paris_1578.pdf,605
Paris_1598.pdf,365
Paris_1598a.pdf,110
Paris_1605.pdf,176
Paris_1610.pdf,330
Paris_1612.pdf,180
Paris_1613.pdf,344
Paris_1615.pdf,651
Paris_1621.pdf,858
Paris_1622.pdf,1080
Paris_1624.pdf,472
Paris_1626.pdf,540
Paris_1629.pdf,242
Paris_1631.pdf,1242
Paris_1632.pdf,707
Paris_1632a.pdf,1212
Paris_1634.pdf,1086
Paris_1634_vol2.pdf,512
Paris_1634_vol3.pdf,344
Paris_1634_vol4.pdf,518
Paris_1634_vol5.pdf,878
Paris_1639.pdf,482
Paris_1640.pdf,316
Paris_1643.pdf,362
Paris_1643b.pdf,407
Paris_1644.pdf,480
Paris_1644a.pdf,325
Paris_1644b.pdf,1093
Paris_1644c.pdf,633
Paris_1654.pdf,321
Paris_1667.pdf,396
Paris_1675.pdf,451
Paris_1677a.pdf,439
Paris_1682.pdf,465
Paris_1682a.pdf,843
Paris_1685.pdf,388
Paris_1689.pdf,632
Paris_1689_vol2.pdf,520
Paris_1690.pdf,406
Paris_1693.pdf,604
Paris_1693_vol2.pdf,712
Paris_1693_vol3.pdf,760
Paris_1693_vol4.pdf,566
Paris_1693_vol5.pdf,578
Paris_1697.pdf,450
Paris_1697_vol3.pdf,301
Paris_1739.pdf,385
Paris_1794.pdf,419
Paris_1814.pdf,577
Paris_1814_vol2.pdf,576
Paris_1814_vol3.pdf,658
Pesaro_1572.pdf,545
Pesaro_1619.pdf,535
Pesaro_1619a.pdf,582
Pisa_1658.pdf,509
Rome_1545.pdf,129
Rome_1545a.pdf,131
Rome_1574.pdf,751
Rome_1589.pdf,950
Rome_1589_vol2.pdf,1063
Rome_1594.pdf,469
Rome_1603.pdf,123
Rome_1679.pdf,445
Rome_1680.pdf,805
Rome_1695.pdf,534
Rotterdam_1632.pdf,266
Rotterdam_1647.pdf,248
Seville_1576.pdf,241
Siena_1691.pdf,434
Strasbourg_1529.pdf,69
Strasbourg_1538.pdf,41
Strasbourg_1559.pdf,65
Strasbourg_1564.pdf,221
Strasbourg_1564a.pdf,144
Strasbourg_1564b.pdf,225
Strasbourg_1566.pdf,221
Strasbourg_1570.pdf,318
Strasbourg_1570a.pdf,374
Strasbourg_1571.pdf,715
Strasbourg_1571a.pdf,417
Strasbourg_1625.pdf,614
TDJC06.pdf,931
The_Hague_1683.pdf,524
The_Hague_1758.pdf,406
Tours_1593.pdf,182
Turin_1671.pdf,838
UQI2BV.pdf,163
Uppsala_1642.pdf,387
Urbino_1575.pdf,575
Utrecht_1647.pdf,258
Valencia_1569.pdf,137
Valencia_1673.pdf,203
Venice_1482.pdf,284
Venice_1491.pdf,146
Venice_1498a.pdf,313
Venice_1505.pdf,482
Venice_1505_vol2.pdf,173
Venice_1509.pdf,353
Venice_1510.pdf,475
Venice_1543.pdf,493
Venice_1565.pdf,636
Venice_1569.pdf,634
Venice_1575.pdf,309
Venice_1585.pdf,634
Venice_1586.pdf,642
Venice_1647.pdf,269
Vienna_1694.pdf,397
Wittenberg_1564.pdf,263
Wittenberg_1609.pdf,612
Wittenberg_1634.pdf,613
Würzburg_1661.pdf,843
bib-123.pdf,147
bib-147.pdf,104
bib-151.pdf,74
bib-152.pdf,296
bib-156.pdf,280
bib-20.pdf,116
bib-223.pdf,232
bib-224.pdf,68
bib-225.pdf,57
bib-23.pdf,382
bib-239.pdf,266
bib-246.pdf,630
bib-247.pdf,238
bib-248.pdf,220
bib-26.pdf,442
bib-27.pdf,448
bib-276.pdf,319
bib-33.pdf,310
bib-34.pdf,170
bib-36.pdf,240
bib-39.pdf,300
bib-40.pdf,254
bib-45.pdf,822
bib-48.pdf,82
bib-77.pdf,146
bib-8.pdf,216
bib-87.pdf,130
bib-91.pdf,170
ms_1.pdf,391
ms_143.pdf,449
ms_150.pdf,456
ms_157.pdf,127
ms_158.pdf,78
ms_76.pdf,181
s.l_1650.pdf,1
